movieid,title,mpaa_rating,budget,gross,release_date,genre,runtime,rating,rating_count,summary
1,Look Who's Talking,PG-13,7500000,296000000,10/12/1989,Romance,93,5.9,73638,"After a single, career-minded woman is left on her own to give birth to the child of a married man, she finds a new romantic chance in a cab driver. Meanwhile, the point-of-view of the newborn boy is narrated through voice-over."
2,Driving Miss Daisy,PG,7500000,145793296,12/13/1989,Comedy,99,7.4,91075,An old Jewish woman and her African-American chauffeur in the American South have a relationship that grows and improves over the years.
3,Turner & Hooch,PG,13000000,71079915,7/28/1989,Crime,100,7.2,91415,"Det. Scott Turner (Tom Hanks) is an uptight, by-the-book police officer. When his friend Amos Reed (John McIntire), the proprietor of a junkyard, is killed, Turner reluctantly inherits the man's dog. Turner adjusts to life with the dog to help solve a murder case."
4,Born on the Fourth of July,R,14000000,161001698,12/20/1989,War,145,7.2,91415,"The biography of Ron Kovic. Paralyzed in the Vietnam war, he becomes an anti-war and pro-human rights political activist after feeling betrayed by the country he fought for."
5,Field of Dreams,PG,15000000,84431625,4/21/1989,Drama,107,7.5,101702,"An Iowa corn farmer, hearing voices, interprets them as a command to build a baseball diamond in his fields; he does, and the 1919 Chicago White Sox come."
6,Uncle Buck,PG,15000000,79258538,8/16/1989,Family,100,7,77659,Bachelor and all-round slob Buck babysits his brothers rebellious teenage daughter and her cute younger brother and sister.
7,When Harry Met Sally...,R,16000000,92800000,7/21/1989,Romance,96,7.6,180871,"Harry and Sally have known each other for years, and are very good friends, but they fear sex would ruin the friendship."
8,Dead Poets Society,PG,16400000,235860116,6/2/1989,Drama,129,8.1,382002,English teacher John Keating inspires his students to look at poetry with a different perspective of authentic knowledge and feelings.
9,Parenthood,PG-13,20000000,126297830,7/31/1989,Comedy,124,7,41866,"The Buckmans are a midwestern family all dealing with their lives: estranged relatives, raising children, pressures of the job, and learning to be a good parent and spouse."
10,Lethal Weapon 2,R,25000000,227853986,7/7/1989,Comedy,114,7.2,151737,Riggs and Murtaugh are on the trail of South African diplomats who are using their immunity to engage in criminal activities.
11,The War of the Roses,R,26000000,160200000,12/8/1989,Comedy,116,6.8,45248,A married couple try everything to get each other to leave the house in a vicious divorce battle.
12,National Lampoon's Christmas Vacation,PG-13,27000000,71320000,12/1/1989,Action,97,7.6,135690,The Griswold familys plans for a big family Christmas predictably turn into a big disaster.
13,"Honey, I Shrunk the Kids",PG,32000000,222724172,6/22/1989,Family,93,6.3,132480,The scientist father of a teenage girl and boy accidentally shrinks his and two other neighborhood teens to the size of insects. Now the teens must fight diminutive dangers as the father searches for them.
14,Batman,PG,35000000,411348924,6/23/1989,Action,126,7.5,319517,The Dark Knight of Gotham City begins his war on crime with his first major enemy being the clownishly homicidal Joker.
15,Ghostbusters II,PG,37000000,215394738,6/15/1989,Comedy,108,6.6,171196,The discovery of a massive river of ectoplasm and a resurgence of spectral activity allows the staff of Ghostbusters to revive the business.
16,The Little Mermaid,PG,40000000,222300000,11/17/1989,Animation,83,7.6,219221,A mermaid princess makes a Faustian bargain in an attempt to become human and win a princes love.
17,Back to the Future Part II,PG,40000000,332000000,11/20/1989,Science Fiction,108,7.8,438940,"After visiting 2015, Marty McFly must repeat his visit to 1955 to prevent disastrous changes to 1985...without interfering with his first trip."
18,Indiana Jones and the Last Crusade,PG-13,48000000,474171806,5/24/1989,Adventure,127,8.2,647495,"In 1938, after his father Professor Henry Jones, Sr. goes missing while pursuing the Holy Grail, Professor Henry Indiana Jones, Jr. finds himself up against Adolf Hitlers Nazis again to stop them from obtaining its powers."
19,Tango & Cash,R,55000000,63408614,12/22/1989,Action,104,6.8,79806,"Framed by their ruthless arch-nemesis, a mismatched LAPD crime-fighting duo has to put its differences aside to even the score with the evil kingpin who put them behind bars once and for all."
20,Steel Magnolias,PG,15000000,95904091,11/15/1989,Drama,119,7.3,43037,"A young beautician, newly arrived in a small Louisiana town, finds work at the local salon, where a small group of women share a close bond of friendship, and welcome her into the fold."
21,Three Men and a Little Lady,PG,11000000,71600000,11/21/1990,Family,104,6.1,127793,"Sequel to Three Men and a Baby (1987), Mary starts school. Actress mom is now living in the apartment in NYC with the biological dad and 2 honorary dads, who are still actor, architect and cartoonist. Mom's English boyfriend proposes."
22,Teenage Mutant Ninja Turtles,PG,13500000,202000000,3/30/1990,Action,93,6.8,79806,Four teenage mutant ninja turtles emerge from the shadows to protect New York City from a gang of criminal ninjas.
23,Pretty Woman,R,14000000,463000000,3/23/1990,Romance,119,7,266405,"A man in a legal but hurtful business needs an escort for some social events, and hires a beautiful prostitute he meets... only to fall in love."
24,Kindergarten Cop,PG-13,15000000,201957688,12/21/1990,Action,111,6.1,127793,"A tough cop must pose as a kindergarten teacher in order to locate a dangerous criminals ex-wife, who may hold the key to putting him behind bars."
25,Home Alone,PG,18000000,476684675,11/9/1990,Family,103,7.6,414472,An eight-year-old troublemaker must protect his house from a pair of burglars when he is accidentally left home alone by his family during Christmas vacation.
26,Bird on a Wire,PG-13,20000000,138700000,5/18/1990,Comedy,110,6,37415,An old flame discovers her ex-boyfriend from the past is a relocated FBI informant out to stop the bad guys.
27,Misery,R,20000000,61276872,11/28/1990,Drama,107,7.8,168946,"After a famous author is rescued from a car crash by a fan of his novels, he comes to realize that the care he is receiving is only the beginning of a nightmare of captivity and abuse."
28,Edward Scissorhands,PG-13,20000000,53000000,12/5/1990,Drama,105,7.9,421760,"An artificial man, who was incompletely constructed and has scissors for hands, leads a solitary life. Then one day, a suburban lady meets him and introduces him to her world."
29,Ghost,PG-13,22000000,505000000,7/12/1990,Thriller,127,7,183054,"After a young man is murdered, his spirit stays behind to warn his lover of impending danger, with the help of a reluctant psychic."
30,Presumed Innocent,R,22000000,221303188,7/26/1990,Crime,127,6.9,35122,"As a lawyer investigates the murder of a colleague, he finds himself more connected to the crime than anyone else."
31,Dances with Wolves,PG-13,22000000,424208848,11/9/1990,Western,181,8,224754,"Lieutenant John Dunbar, assigned to a remote western Civil War outpost, befriends wolves and Indians, making him an intolerable aberration in the military."
32,Flatliners,R,26000000,61489265,8/9/1990,Horror,115,6.6,76155,"Five medical students experiment with near death experiences, until the dark consequences of past tragedies begin to jeopardize their lives."
33,The Hunt for Red October,PG,30000000,199200000,3/2/1990,Thriller,134,7.6,167212,"In November 1984, the Soviet Unions best submarine Captain in their newest sub violates orders and heads for the U.S. Is he trying to defect or to start a war?"
34,Another 48 Hrs.,R,38000000,153518974,6/8/1990,Action,95,5.9,36103,"Jack Cates once again enlists the aid of ex-con Reggie Hammond--this time, to take down The Iceman, a ruthless drug lord operating in the San Francisco bay area."
35,Back to the Future Part III,PG,40000000,244527583,5/25/1990,Family,118,7.4,369652,"Learning about the death of Doc Brown in 1885, Marty travels back in time to save him. But when the fuel tank on the time machine is punctured, the two must figure out a way to escape the Old West before Emmet is murdered."
36,Dick Tracy,PG,47000000,103738726,6/15/1990,Crime,103,6.1,54312,The comic strip detective finds his life vastly complicated when Breathless Mahoney makes advances towards him while he is trying to battle Big Boy Caprices united mob.
37,The Godfather: Part III,R,54000000,136766062,12/24/1990,Drama,162,7.6,332236,"In the midst of trying to legitimize his business dealings in New York City and Italy in 1979, aging Mafia Don Michael Corleone seeks to avow for his sins, while taking his nephew Vincent Mancini under his wing."
38,Days of Thunder,PG-13,60000000,157920733,6/27/1990,Adventure,107,6,73649,A young hot-shot stock car driver gets his chance to compete at the top level.
39,Total Recall,R,65000000,261317921,6/1/1990,Science Fiction,113,7.5,282870,"When a man goes for virtual vacation memories of the planet Mars, an unexpected and harrowing series of events forces him to go to the planet for real - or does he?"
40,Die Hard 2,R,70000000,240031094,7/2/1990,Thriller,124,7.2,317843,"John McClane attempts to avert disaster as rogue military operatives seize control of Dulles International Airport in Washington, D.C."
41,Fried Green Tomatoes,PG-13,11000000,119418501,12/27/1991,Comedy,130,7.7,62493,A housewife who is unhappy with her life befriends an old lady in a nursing home and is enthralled by the tales she tells of people she used to know.
42,The Silence of the Lambs,R,19000000,272742922,2/1/1991,Crime,119,8.6,1166583,"A young F.B.I. cadet must receive the help of an incarcerated and manipulative cannibal killer to help catch another serial killer, a madman who skins his victims."
43,Sleeping with the Enemy,R,19000000,174999005,2/8/1991,Drama,99,6.2,46455,"A young woman fakes her own death in an attempt to escape her nightmarish marriage, but discovers it is impossible to elude her controlling husband."
44,Father of the Bride,PG,20000000,89325780,12/20/1991,Romance,105,6.5,64326,"With his oldest daughters wedding approaching, a father finds himself reluctant to let go."
45,The Naked Gun 2 1/2: The Smell of Fear,PG-13,23000000,86900000,6/28/1991,Drama,85,6.5,64326,Lieutenant Frank Drebin discovers that his ex-girlfriend's new beau is involved in a plot to kidnap a scientist who advocates solar energy.
46,Teenage Mutant Ninja Turtles II,PG,25000000,78600000,3/22/1991,Action,88,8,397467,"The Turtles and the Shredder battle once again, this time for the last canister of the ooze that created the Turtles, with which Shredder wants to unleash an army of new mutants."
47,Beauty and the Beast,PG,25000000,377350553,11/13/1991,Animation,84,8,397467,A prince cursed to spend his days as a hideous monster sets out to regain his humanity by earning a young womans love.
48,Hot Shots!,PG-13,26000000,181096164,7/31/1991,Comedy,84,6.8,93277,A parody of Top Gun (1986) in which a talented but unstable fighter pilot must overcome the ghosts of his father and save a mission sabotaged by greedy weapons manufacturers.
49,City Slickers,PG-13,27000000,179033791,6/7/1991,Comedy,112,6.7,45166,"On the verge of turning 40, an unhappy Manhattan yuppie is roped into joining his two friends on a cattle drive in the southwest."
50,Star Trek VI: The Undiscovered Country,PG,27000000,96900000,12/5/1991,Science Fiction,113,7.2,66086,"On the eve of retirement, Kirk and McCoy are charged with assassinating the Klingon High Chancellor and imprisoned. The Enterprise crew must help them escape to thwart a conspiracy aimed at sabotaging the last best hope for peace."
51,The Addams Family,PG-13,30000000,191502426,11/22/1991,Comedy,99,6.9,119260,Con artists plan to fleece an eccentric family using an accomplice who claims to be their long-lost uncle.
52,The Prince of Tides,R,30000000,74787599,12/25/1991,Romance,132,6.7,14918,A troubled man talks to his suicidal sisters psychiatrist about their family history and falls in love with her in the process.
53,What About Bob?,PG,35000000,63710000,5/17/1991,Comedy,100,7,58797,"A successful psychotherapist loses his mind after one of his most dependent patients, an obsessive-compulsive neurotic, tracks him down during his family vacation."
54,Cape Fear,R,35000000,182300000,11/15/1991,Crime,128,7.3,157496,"A convicted rapist, released from prison after serving a fourteen-year sentence, stalks the family of the lawyer who originally defended him."
55,JFK,R,40000000,205405498,12/20/1991,Drama,189,8,132879,New Orleans District Attorney Jim Garrison discovers theres more to the Kennedy assassination than the official story.
56,Robin Hood: Prince of Thieves,PG-13,48000000,390493908,6/14/1991,Adventure,143,6.9,168877,"When Robin and his Moorish companion come to England and the tyranny of the Sheriff of Nottingham, he decides to fight back as an outlaw."
57,Hook,PG,70000000,300854823,12/11/1991,Family,144,6.8,218151,"When Captain Hook kidnaps his children, an adult Peter Pan must return to Neverland and reclaim his youthful spirit in order to challenge his old enemy."
58,Backdraft,R,75000000,152368585,5/24/1991,Mystery,137,6.7,67442,"Two Chicago firefighter brothers, who dont get along, have to work together while a dangerous arsonist is on the loose."
59,Terminator 2: Judgment Day,R,100000000,520000000,7/1/1991,Science Fiction,137,8.5,930593,"A cyborg, identical to the one who failed to kill Sarah Connor, must now protect her teenage son, John Connor, from a more advanced and powerful cyborg."
60,The Crying Game,R,3705538,62548947,9/2/1992,Romance,112,7.2,48101,"A British soldier kidnapped by IRA terrorists soon befriends one of his captors, who then becomes drawn into the soldiers world."
61,The Hand that Rocks the Cradle,R,11700000,88036683,1/10/1992,Drama,110,8.2,348791,"After her humiliated husband kills himself, an embittered pregnant widow loses her child, and embarks on a mission of vengeance against a woman and her family."
62,Unforgiven,R,14000000,159157447,8/7/1992,Western,131,8.2,348791,"Retired Old West gunslinger William Munny (Clint Eastwood) reluctantly takes on one last job, with the help of his old partner Ned Logan (Morgan Freeman) and a young man, The Schofield Kid (Jaimz Woolvett)."
63,Home Alone 2: Lost in New York,PG,18000000,358991681,11/19/1992,Family,120,6.7,269944,"One year after Kevin McCallister was left home alone and had to defeat a pair of bumbling burglars, he accidentally finds himself stranded in New York City - and the same criminals are not far behind."
64,Wayne's World,PG-13,20000000,121697323,2/14/1992,Comedy,94,7,135657,Two slacker friends try to promote their public-access cable show.
65,The Bodyguard,R,25000000,411006740,11/25/1992,Action,129,6.3,110511,"A former Secret Service agent takes on the job of bodyguard to an RB singer, whose lifestyle is most unlike a Presidents."
66,Aladdin,G,28000000,504050219,11/25/1992,Animation,90,8,336384,A kindhearted street urchin and a power-hungry Grand Vizier vie for a magic lamp that has the power to make their deepest wishes come true.
67,White Men Can't Jump,R,31000000,90753806,3/26/1992,Comedy,115,6.8,70430,Black and white basketball hustlers join forces to double their chances of winning money on the street courts and in a basketball tournament.
68,Sister Act,PG,31000000,231605150,5/28/1992,Comedy,100,6.4,80510,"When a worldly singer witnesses a mob crime, the police hide her as a nun in a traditional convent where she has trouble fitting in."
69,Scent of a Woman,R,31000000,134095253,12/23/1992,Drama,157,8,238212,"A prep school student needing money agrees to babysit a blind man, but the job is not at all what he anticipated."
70,Lethal Weapon 3,R,35000000,321731527,5/15/1992,Action,118,6.7,148440,Martin Riggs and Roger Murtaugh pursue a former LAPD officer who uses his knowledge of police procedure and policies to steal and sell confiscated guns and ammunition to local street gangs.
71,Under Siege,R,35000000,156563139,10/8/1992,Action,103,6.5,71962,An ex-Navy Seal turned cook is the only person who can stop a group of terrorists when they seize control of a U.S. battleship.
72,Boomerang,R,40000000,70100000,6/30/1992,Romance,117,5.5,24114,A successful executive and womanizer finds his lifestyle choices have turned back on him when his new female boss turns out to be an even bigger deviant than he is.
73,A League of Their Own,PG,40000000,107458785,7/1/1992,Comedy,128,7.2,85932,Two sisters join the first female professional baseball league and struggle to help it succeed amidst their own growing rivalry.
74,The Last of the Mohicans,R,40000000,75505856,9/25/1992,Action,112,7.7,139000,Three trappers protect the daughters of a British Colonel in the midst of the French and Indian War.
75,Bram Stoker's Dracula,R,40000000,215900000,11/13/1992,Drama,128,7.4,177678,The centuries old vampire Count Dracula comes to England to seduce his barrister Jonathan Harkers fianc�e Mina Murray and inflict havoc in the foreign land.
76,A Few Good Men,R,40000000,243240178,12/11/1992,Drama,138,7.7,218747,Military lawyer Lieutenant Daniel Kaffee defends Marines accused of murder. They contend they were acting under orders.
77,Patriot Games,R,45000000,178051587,6/4/1992,Thriller,117,6.9,95783,"When CIA analyst Jack Ryan interferes with an IRA assassination, a renegade faction targets him and his family for revenge."
78,Basic Instinct,R,49000000,352927224,3/20/1992,Thriller,127,6.9,159658,A violent police detective investigates a brutal murder that might involve a manipulative and seductive novelist.
79,Batman Returns,PG-13,80000000,280000000,6/19/1992,Action,126,7,258216,Batman returns to the big screen when a deformed man calling himself the Penguin wreaks havoc across Gotham with the help of a cruel businessman.
80,Cool Runnings,PG,14000000,154864401,9/30/1993,Comedy,98,6.9,85604,"When a Jamaican sprinter is disqualified from the Olympic Games, he enlists the help of a dishonored coach to start the first Jamaican Bobsled Team."
81,Groundhog Day,PG,14600000,70906973,2/11/1993,Comedy,101,8,549538,A weatherman finds himself inexplicably living the same day over and over again.
82,Free Willy,PG,20000000,153698625,7/16/1993,Family,112,5.9,64130,"When a boy learns that a beloved killer whale is to be killed by the aquarium owners, the boy risks everything to free the whale."
83,Sleepless in Seattle,PG,21000000,227799884,6/24/1993,Romance,105,6.8,147908,A recently widowed mans son calls a radio talk-show in an attempt to find his father a partner.
84,Schindler's List,R,22000000,321365567,11/29/1993,History,195,8.9,1117322,"In German-occupied Poland during World War II, industrialist Oskar Schindler gradually becomes concerned for his Jewish workforce after witnessing their persecution by the Nazis."
85,Mrs. Doubtfire,PG-13,25000000,441286195,11/24/1993,Family,125,7,226146,"After a bitter divorce, an actor disguises himself as a female housekeeper to spend time with his children held in custody by his former wife."
86,Tombstone,R,25000000,56505065,12/25/1993,Drama,130,7.8,117576,"A successful lawmans plans to retire anonymously in Tombstone, Arizona, are disrupted by the kind of outlaws he was famous for eliminating."
87,Philadelphia,PG-13,26000000,206678440,12/22/1993,Drama,125,7.7,210109,"When a man with HIV is fired by his law firm because of his condition, he hires a homophobic small time lawyer as the only willing advocate for a wrongful dismissal suit."
88,Dave,PG-13,28000000,63000000,5/7/1993,Comedy,110,6.8,46467,"To avoid a potentially explosive scandal when the U.S. President goes into a coma, an affable temp agency owner with an uncanny resemblance is put in his place."
89,Grumpy Old Men,PG-13,35100000,70200000,12/25/1993,Comedy,103,7,40509,A lifelong feud between two neighbors since childhood only gets worse when a new female neighbor moves across the street.
90,Indecent Proposal,R,38000000,266614059,4/7/1993,Drama,117,5.9,58078,A billionaire offers one million dollars to a young married couple for one night with the wife.
91,Sister Act 2: Back in the Habit,PG,38000000,57319029,12/9/1993,Comedy,107,5.6,45380,Showgirl Deloris Van Cartier returns as Sister Mary Clarence to teach music to a group of Catholic students whose run-down school is slated for closure.
92,In the Line of Fire,R,40000000,176997168,7/8/1993,Crime,128,7.2,86650,"Secret Service agent Frank Horrigan couldnt save Kennedy, but hes determined not to let a clever assassin take out this president."
93,Rising Sun,R,40000000,107198790,7/30/1993,Thriller,125,6.2,40088,"When an escort girl is found dead in the offices of a Japanese company in Los Angeles, detectives Web Smith and John Connor act as liaison between the companys executives and the investigating cop Tom Graham."
94,The Firm,R,42000000,270248367,6/30/1993,Mystery,154,6.8,108683,A young lawyer joins a prestigious law firm only to discover that it has a sinister dark side.
95,The Fugitive,PG-13,44000000,368875760,8/6/1993,Adventure,130,7.8,249811,"Dr. Richard Kimble, unjustly accused of murdering his wife, must find the real killer while being the target of a nationwide manhunt led by a seasoned U.S. Marshal."
96,The Pelican Brief,PG-13,45000000,195268056,12/16/1993,Crime,141,6.6,71238,"A law student uncovers a conspiracy, putting herself and others in danger."
97,Demolition Man,R,57000000,159055768,10/8/1993,Action,115,6.7,148329,A police officer is brought out of suspended animation in prison to pursue an old ultra-violent nemesis who is loose in a non-violent future society.
98,Cliffhanger,R,70000000,255000211,5/28/1993,Adventure,112,6.4,113299,A botched mid-air heist results in suitcases full of cash being searched for by various groups throughout the Rocky Mountains.
99,Jurassic Park III,PG-13,93000000,368800000,7/16/2001,Thriller,92,8.9,1690474,"A decidedly odd couple with ulterior motives convince Dr. Grant to go to Isla Sorna for a holiday, but their unexpected landing startles the island's new inhabitants."
100,Pulp Fiction,R,8000000,213928762,9/10/1994,Thriller,154,8.9,1690474,"The lives of two mob hitmen, a boxer, a gangster and his wife, and a pair of diner bandits intertwine in four tales of violence and redemption."
101,Ace Ventura: Pet Detective,PG-13,15000000,107217396,2/4/1994,Comedy,86,6.9,260044,A goofy detective specializing in animals goes in search of the missing mascot of the Miami Dolphins.
102,Dumb and Dumber,PG-13,16000000,247275374,12/16/1994,Comedy,107,7.3,334497,"After a woman leaves a briefcase at the airport terminal, a dumb limo driver and his dumber friend set out on a hilarious cross-country road trip to Aspen, to return the briefcase to its owner."
103,The Santa Clause,PG,22000000,189833357,11/10/1994,Family,97,6.4,86610,"When a man inadvertently makes Santa fall off of his roof on Christmas Eve, he finds himself magically recruited to take his place."
104,The Mask,PG-13,23000000,351583407,7/29/1994,Romance,101,6.9,320839,Bank clerk Stanley Ipkiss is transformed into a manic superhero when he wears a mysterious mask.
105,Speed,R,30000000,350448145,6/9/1994,Action,116,7.2,309338,A young police officer must prevent a bomb exploding aboard a city bus by keeping its speed above 50 mph.
106,Legends of the Fall,R,30000000,160638883,12/16/1994,Drama,133,7.5,136361,"In the early 1900s, three brothers and their father living in the remote wilderness of Montana are affected by betrayal, history, love, nature, and war."
107,Star Trek: Generations,PG,38000000,120000000,11/17/1994,Science Fiction,118,8.5,869127,"With the help of long presumed dead Captain Kirk, Captain Picard must stop a deranged scientist willing to murder on a planetary scale in order to enter a space matrix."
108,The Lion King,G,45000000,788241776,6/23/1994,Animation,89,8.5,869127,"A Lion cub crown prince is tricked by a treacherous uncle into thinking he caused his fathers death and flees into exile in despair, only to learn in adulthood his identity and his responsibilities."
109,The Client,PG-13,45000000,117615211,7/20/1994,Drama,119,6.7,55788,A young boy who witnessed the suicide of a mafia lawyer hires an attorney to protect him when the District Attorney tries to use him to take down a mob family.
110,The Specialist,R,45000000,170362582,10/7/1994,Action,110,5.6,59371,A woman entices a bomb expert shes involved with into destroying the mafia that killed her family.
111,The Flintstones,PG,46000000,341631208,5/26/1994,Family,91,4.9,71389,"In a parallel modern-day Stone Age world, a working-class family, the Flintstones, are set up for an executive job. But they learn that money cant buy happiness."
112,Forrest Gump,PG-13,55000000,677945399,7/6/1994,Comedy,142,8.8,1657851,"The presidencies of Kennedy and Johnson, the events of Vietnam, Watergate, and other history unfold through the perspective of an Alabama man with an IQ of 75."
113,Stargate,PG-13,55000000,196567262,10/27/1994,Science Fiction,121,7.1,167516,"An interstellar teleportation device, found in Egypt, leads to a planet with humans resembling ancient Egyptians who worship the god Ra."
114,Disclosure,R,55000000,214015089,12/9/1994,Drama,123,6.1,43455,"A computer specialist is sued for sexual harassment by a former lover turned boss who initiated the act forcefully, which threatens both his career and his personal life."
115,Interview with the Vampire,R,60000000,223664608,11/11/1994,Horror,123,6.9,83296,"A vampire tells his epic life story: love, betrayal, loneliness, and hunger."
116,Clear and Present Danger,PG-13,62000000,215887717,8/3/1994,Thriller,141,6.9,83296,CIA Analyst Jack Ryan is drawn into an illegal war fought by the US government against a Colombian drug cartel.
117,Wolf,R,70000000,131000000,6/17/1994,Fantasy,125,6.2,49903,Publisher Will Randall becomes a werewolf and has to fight to keep his job.
118,Maverick,PG,75000000,183000000,5/20/1994,Action,127,7,96405,"Bret Maverick, needing money for a poker tournament, faces various comic mishaps and challenges, including a charming woman thief."
119,True Lies,R,115000000,378882411,7/14/1994,Action,141,7.2,223671,"A fearless, globe-trotting, terrorist-battling secret agent has his life turned upside down when he discovers his wife might be having an affair with a used car salesman while terrorists smuggle nuclear war heads into the United States."
120,While You Were Sleeping,PG,17000000,182057016,4/21/1995,Romance,103,6.7,85626,A hopeless romantic Chicago Transit Authority token collector is mistaken for the fianc�e of a coma patient.
121,Dangerous Minds,R,23000000,179519401,8/11/1995,Crime,99,6.5,45479,An ex-Marine turned teacher struggles to connect with her students in an inner city school.
122,Grumpier Old Men,PG-13,25000000,71500000,12/22/1995,Comedy,101,6.7,22759,"John and Max resolve to save their beloved bait shop from turning into an Italian restaurant, just as its new female owner catches Maxs attention."
123,Father of the Bride Part II,PG,30000000,76578911,2/10/1995,Comedy,106,6,31971,"George Banks must deal not only with the pregnancy of his daughter, but also with the unexpected pregnancy of his wife."
124,Toy Story,G,30000000,373554033,10/30/1995,Animation,81,8.3,820625,A cowboy doll is profoundly threatened and jealous when a new spaceman figure supplants him as top toy in a boys room.
125,Ace Ventura: When Nature Calls,PG-13,30000000,212385533,11/10/1995,Comedy,90,6.4,191266,"Ace Ventura, Pet Detective, returns from a spiritual quest to investigate the disappearance of a rare white bat, the sacred animal of a tribe in Africa."
126,Get Shorty,R,30250000,115101622,10/20/1995,Comedy,105,6.9,72078,"A mobster travels to Hollywood to collect a debt, and discovers that the movie business is much the same as his current job."
127,Mr. Holland's Opus,PG,31000000,106269971,12/29/1995,Family,137,7.3,33906,A frustrated composer finds fulfillment as a high school music teacher.
128,Se7en,R,33000000,327311859,9/22/1995,Action,127,8.6,1323681,"Two detectives, a rookie and a veteran, hunt a serial killer who uses the seven deadly sins as his motives."
129,Casper,PG,50000000,287928194,5/26/1995,Family,100,6.1,110490,An afterlife therapist and his daughter meet a friendly young ghost when they move into a crumbling mansion in order to rid the premises of wicked spirits.
130,Congo,PG-13,50000000,152022101,6/9/1995,Drama,109,5.2,39870,"When an expedition to the African Congo ends in disaster, a new team is assembled to find out what went wrong."
131,Apollo 13,PG,52000000,355237933,6/30/1995,Drama,140,7.6,250975,NASA must devise a strategy to return Apollo 13 to Earth safely after the spacecraft undergoes massive internal damage putting the lives of the three astronauts on board in jeopardy.
132,Crimson Tide,R,53000000,157387195,5/12/1995,Thriller,116,7.3,95145,"On a U.S. nuclear missile sub, a young First Officer stages a mutiny, to prevent his trigger happy Captain from launching his missiles, before confirming his orders to do so."
133,Pocahontas,G,55000000,346079773,6/14/1995,Animation,81,6.7,156670,An English soldier and the daughter of an Algonquin chief share a romance when English colonists invade seventeenth-century Virginia.
134,GoldenEye,PG-13,58000000,352194034,11/16/1995,Action,130,7.2,226013,"Years after a friend and fellow 00 agent is killed on a joint mission, a secret space based weapons program known as Goldeneye is stolen. James Bond sets out to stop a Russian crime syndicate from using the weapon."
135,Jumanji,PG,65000000,262797249,12/15/1995,Family,104,7,277496,"When two kids find and play a magical board game, they release a man trapped for decades in it and a host of dangers that can only be stopped by finishing the game."
136,Braveheart,R,72000000,210000000,5/24/1995,Action,177,8.3,907287,"When his secret bride is executed for assaulting an English soldier who tried to rape her, William Wallace begins a revolt against King Edward I of England."
137,Die Hard: With a Vengeance,R,90000000,366101666,5/19/1995,Thriller,128,5.4,224254,"John McClane and a Harlem store owner are targeted by German terrorist Simon Gruber in New York City, where he plans to rob the Federal Reserve Building."
138,Batman Forever,PG-13,100000000,336529144,6/16/1995,Action,121,5.4,224254,"Batman must battle former district attorney Harvey Dent, who is now Two-Face and Edward Nygma, The Riddler with help from an amorous psychologist and a young circus acrobat who becomes his sidekick, Robin."
139,Waterworld,PG-13,175000000,264218220,7/28/1995,Action,135,6.2,169984,"In a future where the polar ice-caps have melted and Earth is almost entirely submerged, a mutated mariner fights starvation and outlaw smokers, and reluctantly helps a woman and a young girl try to find dry land."
140,Scream,R,14000000,173046663,12/20/1996,Horror,111,7.2,267513,"A year after the murder of her mother, a teenage girl is terrorized by a new killer, who targets the girl and her friends by using horror films as part of a deadly game."
141,The First Wives Club,PG,26000000,116400000,9/20/1996,Comedy,102,6.4,39451,"Reunited by the death of a college friend, three divorced women seek revenge on the husbands who left them for younger women."
142,The English Patient,R,27000000,231976425,11/14/1996,War,162,7.4,168450,"At the close of WWII, a young nurse tends to a badly-burned plane crash victim. His past is shown in flashbacks, revealing an involvement in a fateful love affair."
143,The Birdcage,R,31000000,185260553,3/8/1996,Comedy,117,7.1,74466,A gay cabaret owner and his drag queen companion agree to put up a false straight front so that their son can introduce them to his fianc�es right-wing moralistic parents.
144,Phenomenon,PG,32000000,152036382,7/5/1996,Drama,123,6.4,71796,"An ordinary man sees a bright light descend from the sky, and discovers he now has super-intelligence and telekinesis."
145,A Time to Kill,R,40000000,152266007,7/24/1996,Crime,149,7.5,121642,"In Canton, Mississippi, a fearless young lawyer and his assistant defend a black man accused of murdering two white men who raped his ten-year-old daughter, inciting violent retribution and revenge from the Ku Klux Klan."
146,Star Trek: First Contact,PG-13,46000000,150000000,11/21/1996,Science Fiction,111,7.6,111959,The Borg travel back in time intent on preventing Earths first contact with an alien species. Captain Picard and his crew pursue them to ensure that Zefram Cochrane makes his maiden flight reaching warp speed.
147,Broken Arrow,R,50000000,150270147,2/9/1996,Thriller,108,6,86863,Terrorists steal nuclear warheads from the U.S. military but dont count on a pilot and park ranger spoiling their plans.
148,Jerry Maguire,R,50000000,273552592,12/6/1996,Comedy,139,7.3,226489,"When a sports agent has a moral epiphany and is fired for expressing it, he decides to put his new philosophy to the test as an independent agent with the only athlete who stays with him and his former secretary."
149,The Nutty Professor,PG-13,54000000,128769345,6/26/1996,Comedy,95,5.6,103475,Grossly overweight yet good-hearted professor Sherman Klump takes a special chemical that turns him into the slim but obnoxious Buddy Love.
150,101 Dalmatians,G,54000000,320689294,11/17/1996,Comedy,103,5.7,94582,"An evil high-fashion designer plots to steal Dalmatian puppies in order to make an extravagant fur coat, but instead creates an extravagant mess."
151,The Rock,R,75000000,335062621,6/6/1996,Action,136,7.4,297268,"A mild-mannered chemist and an ex-con must lead the counterstrike when a rogue group of military men, led by a renegade general, threaten a nerve gas attack from Alcatraz against San Francisco."
152,Independence Day,PG-13,75000000,816969268,6/25/1996,Action,145,7,503229,"The aliens are coming and their goal is to invade and destroy Earth. Fighting superior technology, mankinds best weapon is the will to survive."
153,Mission: Impossible,PG-13,80000000,457696359,5/22/1996,Action,110,7.1,365266,"An American agent, under false suspicion of disloyalty, must discover and expose the real spy without the help of his organization."
154,Ransom,R,80000000,309492681,11/8/1996,Thriller,117,6.6,112739,"When a multimillionaire mans son is kidnapped, he cooperates with the police at first but then turns the tables on the kidnappers when he uses the ransom money as a reward for the capture of the kidnappers."
155,Space Jam,PG,80000000,250200000,11/15/1996,Comedy,88,6.4,145336,"In a desperate attempt to win a basketball match and earn their freedom, the Looney Tunes seek the aid of retired basketball champion, Michael Jordan."
156,Twister,PG-13,92000000,494471524,5/10/1996,Action,113,6.4,164803,"Bill and Jo Harding, advanced storm chasers on the brink of divorce, must join together to create an advanced weather alert system by putting themselves in the cross-hairs of extremely violent tornadoes."
157,The Hunchback of Notre Dame,PG,100000000,100138851,6/21/1996,Animation,91,6.9,130850,"A deformed bell-ringer must assert his independence from a vicious government minister in order to help his friend, a gypsy dancer."
158,Eraser,R,100000000,242295562,6/21/1996,Drama,115,6.1,98473,A Witness Protection specialist becomes suspicious of his co-workers when dealing with a case involving high-tech weapons.
159,Michael,PG,119700000,119718203,12/25/1996,Fantasy,105,5.7,39051,Two tabloid reporters checking out a report of the Archangel Michael living with an old woman find that its true. But thats not the only surprise.
160,Good Will Hunting,R,10000000,225933435,12/5/1997,Drama,126,8.3,787732,"Will Hunting, a janitor at M.I.T., has a gift for mathematics, but needs help from a psychologist to find direction in his life."
161,I Know What You Did Last Summer,R,17000000,125586134,10/17/1997,Horror,100,5.7,125924,Four young friends bound by a tragic accident are reunited when they find themselves being stalked by a hook-wielding maniac in their small seaside town.
162,Scream 2,R,24000000,172363301,12/9/1997,Horror,120,6.2,147635,"Two years after the first series of murders, as Sydney acclimates to college life, someone donning the Ghostface costume begins a new string of killings."
163,My Best Friend's Wedding,PG-13,38000000,299288605,6/19/1997,Comedy,105,6.3,120020,"When a womans long-time friend reveals hes engaged, she realizes she loves him herself and sets out to get him, with only days before the wedding."
164,Liar Liar,PG-13,45000000,302710615,3/21/1997,Comedy,86,6.9,264851,A fast-track lawyer cant lie for 24 hours due to his sons birthday wish after he disappoints his son for the last time.
165,As Good as It Gets,PG-13,50000000,314178011,12/19/1997,Comedy,139,7.7,258974,"A single mother and waitress, a misanthropic author, and a gay artist form an unlikely friendship after the artist is assaulted in a robbery."
166,George of the Jungle,PG,55000000,174400000,7/15/1997,Family,92,5.4,66725,A man raised in the jungle by apes falls in love with a wealthy American heiress.
167,The Lost World: Jurassic Park,PG-13,73000000,229074524,5/23/1997,Action,129,6.6,353168,"A research team is sent to the Jurassic Park Site B island to study the dinosaurs there, while an InGen team approaches with another agenda."
168,Con Air,R,75000000,224012234,6/1/1997,Action,115,6.9,261542,Newly paroled ex-con and former U.S. Ranger Cameron Poe finds himself trapped in a prisoner transport plane when the passengers seize control.
169,Conspiracy Theory,R,75000000,136982834,8/7/1997,Action,135,6.7,88858,"A man obsessed with conspiracy theories becomes a target after one of his theories turns out to be true. Unfortunately, in order to save himself, he has to figure out which theory it is."
170,Face/Off,R,80000000,245676146,6/27/1997,Thriller,138,7.3,331618,"In order to foil a terrorist plot, an FBI agent undergoes a facial transplant surgery and assumes the identity and physical appearance of a terrorist, but the plan turns from bad to worse when the same terrorist impersonates the FBI agent."
171,Flubber,PG,80000000,177977226,11/26/1997,Science Fiction,93,5.3,79581,"An absent-minded professor discovers flubber, a rubber-like super-bouncy substance."
172,Hercules,G,85000000,252712101,6/26/1997,Animation,93,7.3,188044,The son of Zeus and Hera is stripped of his immortality as an infant and must become a true hero in order to reclaim it.
173,Air Force One,R,85000000,315156409,7/25/1997,Action,124,6.5,170035,"Communist Radicals hijack Air Force One with The U.S. President and his family on board. The Vice President negotiates from Washington D.C., while the President, a Veteran, fights to rescue the hostages on board."
174,Men in Black,PG-13,90000000,589390539,7/2/1997,Thriller,98,7.3,486947,A police officer joins a secret organization that polices and monitors extraterrestrial interactions on Earth.
175,Contact,PG,90000000,171120329,7/11/1997,Science Fiction,150,7.4,239569,"Dr. Ellie Arroway (Jodie Foster), after years of searching, finds conclusive radio proof of extraterrestrial intelligence, sending plans for a mysterious machine."
176,Tomorrow Never Dies,PG-13,110000000,333011068,12/11/1997,Action,119,6.5,171081,James Bond heads to stop a media moguls plan to induce war between China and the UK in order to obtain exclusive global media coverage.
177,Batman and Robin,PG-13,160000000,238200000,6/12/1997,Action,125,7.8,978389,Batman and Robin try to keep their relationship together even as they must stop Mr. Freeze and Poison Ivy from freezing Gotham City.
178,Titanic,PG-13,200000000,1845034188,11/18/1997,Romance,194,7.8,978389,"A seventeen-year-old aristocrat falls in love with a kind but poor artist aboard the luxurious, ill-fated R.M.S. Titanic."
179,There's Something About Mary,R,23000000,369884651,7/15/1998,Romance,119,7.1,278096,"A man gets a chance to meet up with his dream girl from high school, even though his date with her back then was a complete disaster."
180,The Waterboy,PG-13,23000000,185991646,11/6/1998,Comedy,90,6.1,140363,A waterboy for a college football team discovers he has a unique tackling ability and becomes a member of the team.
181,Shakespeare in Love,R,25000000,289317794,12/11/1998,History,122,7.1,203939,"A young Shakespeare, out of ideas and short of cash, meets his ideal woman and is inspired to write one of his most famous plays."
182,The Rugrats Movie,G,30000000,100491683,11/20/1998,Animation,79,5.9,17025,"Tommy, Chuckie, Phil and Lil gets lost in the forest after adopting a baby who has come to life."
183,Rush Hour,PG-13,33000000,244386864,9/18/1998,Comedy,98,7,224449,"A loyal and dedicated Hong Kong Inspector teams up with a reckless and loudmouthed L.A.P.D. detective to rescue the Chinese Consuls kidnapped daughter, while trying to arrest a dangerous crime lord along the way."
184,Stepmom,PG-13,50000000,159700000,12/25/1998,Drama,124,6.8,56910,"A terminally-ill woman must deal with her ex-husbands new lover, who will be their childrens stepmother."
185,Patch Adams,PG-13,50000000,202292902,12/25/1998,Drama,115,6.8,97429,"The true story of a heroic man, Hunter Patch Adams, determined to become a medical doctor because he enjoys helping people. He ventured where no doctor had ventured before, using humour and pathos."
186,The Truman Show,PG,60000000,264118201,6/4/1998,Comedy,103,8.1,859224,An insurance salesman discovers his whole life is actually a reality TV show.
187,You've Got Mail,PG,65000000,250821495,12/17/1998,Romance,119,6.6,180707,Two business rivals who despise each other in real life unwittingly fall in love over the Internet.
188,Saving Private Ryan,R,70000000,481840909,7/24/1998,War,169,8.6,1140752,"Following the Normandy Landings, a group of U.S. soldiers go behind enemy lines to retrieve a paratrooper whose brothers have been killed in action."
189,The Prince of Egypt,PG,70000000,218613188,12/15/1998,Animation,99,7.1,110340,An Egyptian prince learns of his identity as a Hebrew and his destiny to become the chosen deliverer of his people.
190,Doctor Dolittle,PG-13,71000000,294456605,6/22/1998,Family,85,5.4,87146,A doctor discovers that he can communicate with animals.
191,Deep Impact,PG-13,75000000,140464664,5/8/1998,Drama,120,6.2,153606,"Unless a comet can be destroyed before colliding with Earth, only those allowed into shelters will survive. Which people will survive?"
192,Mulan,G,90000000,304320254,6/18/1998,Animation,88,7.6,229669,"To save her father from death in the army, a young maiden secretly goes in his place and becomes one of Chinas greatest heroines in the process."
193,Enemy of the State,R,90000000,250649836,11/20/1998,Thriller,132,7.3,216789,A lawyer becomes a target by a corrupt politician and his N.S.A. goons when he accidentally receives key evidence to a serious politically motivated crime.
194,The Mask of Zorro,PG-13,95000000,250288523,7/16/1998,Action,136,6.7,159093,"A young thief (Antonio Banderas), seeking revenge for the death of his brother, is trained by the once great, but aged Zorro (Sir Anthony Hopkins), who also pursues vengeance of his own."
195,A Bug's Life,G,120000000,363258859,11/25/1998,Animation,95,7.2,251436,"A misfit ant, looking for warriors to save his colony from greedy grasshoppers, recruits a group of bugs that turn out to be an inept circus troupe."
196,Godzilla,PG-13,130000000,379014294,5/20/1998,Thriller,139,5.4,174600,"A giant, reptilian monster surfaces, leaving destruction in its wake as it strides into New York City. To stop it, an earthworm scientist, his reporter ex-girlfriend, and other unlikely heroes team up to save their city."
197,Armageddon,PG-13,140000000,553799566,7/1/1998,Science Fiction,151,6.7,376785,"After discovering that an asteroid the size of Texas is going to impact Earth in less than a month, N.A.S.A. recruits a misfit team of deep core drillers to save the planet."
198,Lethal Weapon 4,R,140000000,285444603,7/10/1998,Comedy,127,6.6,145685,"With personal crises and age weighing in on them, LAPD officers Riggs and Murtaugh must contend with deadly Chinese triads that are trying to free their former leaders out of prison and onto American soil."
199,The Blair Witch Project,R,60000,248000000,7/14/1999,Horror,81,6.5,220304,"Three film students vanish after traveling into a Maryland forest to film a documentary on the local Blair Witch legend, leaving only their footage behind."
200,American Pie,R,11000000,235483004,7/9/1999,Comedy,95,7,357670,Four teenage boys enter a pact to lose their virginity by prom night.
